instance size;bitonic sort (CPU);bitonic sort (GPU);odd-even sort (CPU);odd-event sort (GPU)
128;;;0.061274;0.207184
256;;;0.076587;0.001404
512;;;0.150100;0.002013
1024;;;0.550657;0.004367
2048;;;0.918240;0.006446
4096;;;0.563311;0.014871
8192;;;0.120405;0.030554
16384;;;0.072148;0.061819
32768;;;0.205961;0.137822
65536;;;0.679504;0.330298
131072;;;2.513089;0.947997
262144;;;11.464935;3.592350
524288;;;51.381099;21.621380
